tissue,tau,n_30-39,n_40-49,n_50-59,n_60-69,n_70-79,n_switching
Adipose_Subcutaneous,0.05,1233,402,307,256,1479,3677
Adipose_Subcutaneous,0.1,1259,381,393,216,916,3165
Adipose_Subcutaneous,0.15,1349,348,432,236,648,3013
Adipose_Subcutaneous,0.2,1423,333,483,217,490,2946
Adipose_Subcutaneous,0.25,1588,285,511,223,462,3069
Adipose_Subcutaneous,0.3,1635,336,541,174,435,3121
Adipose_Subcutaneous,0.35,1273,273,517,155,329,2547
Adipose_Subcutaneous,0.4,719,156,301,82,249,1507
Adipose_Subcutaneous,0.45,262,71,134,27,109,603
Adipose_Subcutaneous,0.5,45,10,27,4,36,122
Adipose_Subcutaneous,0.55,6,5,2,0,9,22
Adipose_Subcutaneous,0.6,0,0,0,0,0,0
Adipose_Subcutaneous,0.65,0,0,0,0,0,0
Adipose_Subcutaneous,0.7,0,0,0,0,0,0
Adipose_Subcutaneous,0.75,0,0,0,0,0,0
Adipose_Subcutaneous,0.8,0,0,0,0,0,0
Adipose_Subcutaneous,0.85,0,0,0,0,0,0
Adipose_Subcutaneous,0.9,0,0,0,0,0,0
Adipose_Subcutaneous,0.95,0,0,0,0,0,0
Adipose_Visceral_Omentum,0.05,1344,1238,446,451,2426,5905
Adipose_Visceral_Omentum,0.1,1408,1547,636,619,1702,5912
Adipose_Visceral_Omentum,0.15,1493,1684,695,747,1577,6196
Adipose_Visceral_Omentum,0.2,1546,1826,801,826,1465,6464
Adipose_Visceral_Omentum,0.25,1479,1888,963,875,1352,6557
Adipose_Visceral_Omentum,0.3,1108,1807,1109,859,1153,6036
Adipose_Visceral_Omentum,0.35,653,1191,1260,900,1002,5006
Adipose_Visceral_Omentum,0.4,276,614,850,748,863,3351
Adipose_Visceral_Omentum,0.45,89,182,406,455,491,1623
Adipose_Visceral_Omentum,0.5,12,34,108,144,185,483
Adipose_Visceral_Omentum,0.55,3,2,13,24,41,83
Adipose_Visceral_Omentum,0.6,0,0,1,1,4,6
Adipose_Visceral_Omentum,0.65,0,0,0,0,0,0
Adipose_Visceral_Omentum,0.7,0,0,0,0,0,0
Adipose_Visceral_Omentum,0.75,0,0,0,0,0,0
Adipose_Visceral_Omentum,0.8,0,0,0,0,0,0
Adipose_Visceral_Omentum,0.85,0,0,0,0,0,0
Adipose_Visceral_Omentum,0.9,0,0,0,0,0,0
Adipose_Visceral_Omentum,0.95,0,0,0,0,0,0
Adrenal_Gland,0.05,1223,370,221,333,2682,4829
Adrenal_Gland,0.1,951,274,246,417,2956,4844
Adrenal_Gland,0.15,772,249,264,422,2691,4398
Adrenal_Gland,0.2,665,222,268,430,2221,3806
Adrenal_Gland,0.25,566,186,215,425,1954,3346
Adrenal_Gland,0.3,449,211,202,387,1735,2984
Adrenal_Gland,0.35,438,201,129,440,1505,2713
Adrenal_Gland,0.4,403,265,100,539,1186,2493
Adrenal_Gland,0.45,427,294,95,452,774,2042
Adrenal_Gland,0.5,384,300,57,247,434,1422
Adrenal_Gland,0.55,271,172,20,77,183,723
Adrenal_Gland,0.6,145,60,4,5,62,276
Adrenal_Gland,0.65,19,8,0,0,15,42
Adrenal_Gland,0.7,2,0,0,0,1,3
Adrenal_Gland,0.75,0,0,0,0,0,0
Adrenal_Gland,0.8,0,0,0,0,0,0
Adrenal_Gland,0.85,0,0,0,0,0,0
Adrenal_Gland,0.9,0,0,0,0,0,0
Adrenal_Gland,0.95,0,0,0,0,0,0
Artery_Aorta,0.05,1217,589,539,484,3879,6708
Artery_Aorta,0.1,912,545,556,582,4126,6721
Artery_Aorta,0.15,881,525,565,776,3029,5776
Artery_Aorta,0.2,896,546,546,787,2596,5371
Artery_Aorta,0.25,854,539,511,909,2435,5248
Artery_Aorta,0.3,715,467,508,919,2526,5135
Artery_Aorta,0.35,613,428,547,881,2364,4833
Artery_Aorta,0.4,467,386,554,642,1864,3913
Artery_Aorta,0.45,334,355,464,301,1173,2627
Artery_Aorta,0.5,216,231,212,95,591,1345
Artery_Aorta,0.55,94,71,50,22,217,454
Artery_Aorta,0.6,15,16,6,2,45,84
Artery_Aorta,0.65,0,0,1,0,3,4
Artery_Aorta,0.7,0,0,0,0,0,0
Artery_Aorta,0.75,0,0,0,0,0,0
Artery_Aorta,0.8,0,0,0,0,0,0
Artery_Aorta,0.85,0,0,0,0,0,0
Artery_Aorta,0.9,0,0,0,0,0,0
Artery_Aorta,0.95,0,0,0,0,0,0
Artery_Coronary,0.05,2319,618,355,322,3162,6776
Artery_Coronary,0.1,1663,497,367,325,4281,7133
Artery_Coronary,0.15,1312,428,386,410,4480,7016
Artery_Coronary,0.2,1095,361,377,441,3942,6216
Artery_Coronary,0.25,953,346,287,415,3671,5672
Artery_Coronary,0.3,799,284,218,356,3096,4753
Artery_Coronary,0.35,665,227,161,315,2402,3770
Artery_Coronary,0.4,478,183,105,264,1651,2681
Artery_Coronary,0.45,280,140,89,158,910,1577
Artery_Coronary,0.5,128,73,67,67,399,734
Artery_Coronary,0.55,56,17,22,16,117,228
Artery_Coronary,0.6,19,1,2,0,26,48
Artery_Coronary,0.65,1,0,0,0,1,2
Artery_Coronary,0.7,0,0,0,0,0,0
Artery_Coronary,0.75,0,0,0,0,0,0
Artery_Coronary,0.8,0,0,0,0,0,0
Artery_Coronary,0.85,0,0,0,0,0,0
Artery_Coronary,0.9,0,0,0,0,0,0
Artery_Coronary,0.95,0,0,0,0,0,0
Artery_Tibial,0.05,1542,601,453,438,2265,5299
Artery_Tibial,0.1,1438,630,503,599,1652,4822
Artery_Tibial,0.15,1326,596,500,660,1497,4579
Artery_Tibial,0.2,1203,549,509,640,1559,4460
Artery_Tibial,0.25,949,528,569,666,1572,4284
Artery_Tibial,0.3,843,499,501,778,1550,4171
Artery_Tibial,0.35,784,464,497,807,1434,3986
Artery_Tibial,0.4,752,328,408,563,1006,3057
Artery_Tibial,0.45,581,192,204,294,558,1829
Artery_Tibial,0.5,306,70,60,96,268,800
Artery_Tibial,0.55,117,23,21,33,74,268
Artery_Tibial,0.6,30,7,2,6,12,57
Artery_Tibial,0.65,4,1,0,0,2,7
Artery_Tibial,0.7,1,0,0,0,0,1
Artery_Tibial,0.75,0,0,0,0,0,0
Artery_Tibial,0.8,0,0,0,0,0,0
Artery_Tibial,0.85,0,0,0,0,0,0
Artery_Tibial,0.9,0,0,0,0,0,0
Artery_Tibial,0.95,0,0,0,0,0,0
Brain_Amygdala,0.05,1801,686,318,332,2153,5290
Brain_Amygdala,0.1,2802,730,448,244,2667,6891
Brain_Amygdala,0.15,3330,762,714,268,2328,7402
Brain_Amygdala,0.2,3313,797,1191,397,2716,8414
Brain_Amygdala,0.25,2471,879,1829,585,3092,8856
Brain_Amygdala,0.3,2169,877,2600,867,2757,9270
Brain_Amygdala,0.35,1863,923,3133,886,1664,8469
Brain_Amygdala,0.4,1563,987,3110,619,490,6769
Brain_Amygdala,0.45,1296,959,2289,200,56,4800
Brain_Amygdala,0.5,1088,892,1107,24,4,3115
Brain_Amygdala,0.55,886,557,320,1,2,1766
Brain_Amygdala,0.6,575,183,59,2,2,821
Brain_Amygdala,0.65,251,24,7,1,3,286
Brain_Amygdala,0.7,71,0,0,0,1,72
Brain_Amygdala,0.75,13,0,0,0,2,15
Brain_Amygdala,0.8,3,0,0,0,0,3
Brain_Amygdala,0.85,0,0,0,0,0,0
Brain_Amygdala,0.9,0,0,0,0,0,0
Brain_Amygdala,0.95,0,0,0,0,0,0
Brain_Anterior_cingulate_cortex_BA24,0.05,2538,801,328,274,1850,5791
Brain_Anterior_cingulate_cortex_BA24,0.1,2924,697,300,244,1332,5497
Brain_Anterior_cingulate_cortex_BA24,0.15,2744,620,335,319,1215,5233
Brain_Anterior_cingulate_cortex_BA24,0.2,2492,553,432,519,1384,5380
Brain_Anterior_cingulate_cortex_BA24,0.25,2173,567,525,912,1844,6021
Brain_Anterior_cingulate_cortex_BA24,0.3,1520,665,785,1259,1840,6069
Brain_Anterior_cingulate_cortex_BA24,0.35,1043,843,779,1385,1430,5480
Brain_Anterior_cingulate_cortex_BA24,0.4,719,877,664,1145,633,4038
Brain_Anterior_cingulate_cortex_BA24,0.45,565,895,400,555,169,2584
Brain_Anterior_cingulate_cortex_BA24,0.5,420,728,126,156,29,1459
Brain_Anterior_cingulate_cortex_BA24,0.55,319,411,23,16,1,770
Brain_Anterior_cingulate_cortex_BA24,0.6,188,142,3,2,0,335
Brain_Anterior_cingulate_cortex_BA24,0.65,84,42,0,0,0,126
Brain_Anterior_cingulate_cortex_BA24,0.7,36,6,0,0,0,42
Brain_Anterior_cingulate_cortex_BA24,0.75,14,1,0,0,0,15
Brain_Anterior_cingulate_cortex_BA24,0.8,2,0,0,0,0,2
Brain_Anterior_cingulate_cortex_BA24,0.85,0,0,0,0,0,0
Brain_Anterior_cingulate_cortex_BA24,0.9,0,0,0,0,0,0
Brain_Anterior_cingulate_cortex_BA24,0.95,0,0,0,0,0,0
Brain_Caudate_basal_ganglia,0.05,2604,1056,332,203,2498,6693
Brain_Caudate_basal_ganglia,0.1,3132,971,252,169,2214,6738
Brain_Caudate_basal_ganglia,0.15,3256,898,172,206,2015,6547
Brain_Caudate_basal_ganglia,0.2,3173,879,152,205,1776,6185
Brain_Caudate_basal_ganglia,0.25,2789,1016,116,213,1564,5698
Brain_Caudate_basal_ganglia,0.3,2822,1086,86,179,1333,5506
Brain_Caudate_basal_ganglia,0.35,3120,1226,78,172,1090,5686
Brain_Caudate_basal_ganglia,0.4,3512,1307,49,93,761,5722
Brain_Caudate_basal_ganglia,0.45,3581,1282,17,33,474,5387
Brain_Caudate_basal_ganglia,0.5,3087,830,3,4,238,4162
Brain_Caudate_basal_ganglia,0.55,1915,312,0,0,41,2268
Brain_Caudate_basal_ganglia,0.6,814,54,0,0,3,871
Brain_Caudate_basal_ganglia,0.65,211,3,0,0,0,214
Brain_Caudate_basal_ganglia,0.7,45,0,0,0,0,45
Brain_Caudate_basal_ganglia,0.75,7,0,0,0,0,7
Brain_Caudate_basal_ganglia,0.8,2,0,0,0,0,2
Brain_Caudate_basal_ganglia,0.85,0,0,0,0,0,0
Brain_Caudate_basal_ganglia,0.9,0,0,0,0,0,0
Brain_Caudate_basal_ganglia,0.95,0,0,0,0,0,0
Brain_Cerebellar_Hemisphere,0.05,1874,734,280,173,2681,5742
Brain_Cerebellar_Hemisphere,0.1,2145,791,297,153,1791,5177
Brain_Cerebellar_Hemisphere,0.15,1749,771,383,219,1328,4450
Brain_Cerebellar_Hemisphere,0.2,1440,823,456,273,1023,4015
Brain_Cerebellar_Hemisphere,0.25,1273,913,623,274,775,3858
Brain_Cerebellar_Hemisphere,0.3,1148,1032,832,401,692,4105
Brain_Cerebellar_Hemisphere,0.35,1048,1247,912,735,752,4694
Brain_Cerebellar_Hemisphere,0.4,943,1727,923,1178,837,5608
Brain_Cerebellar_Hemisphere,0.45,878,2271,852,1319,692,6012
Brain_Cerebellar_Hemisphere,0.5,846,2583,715,1046,449,5639
Brain_Cerebellar_Hemisphere,0.55,865,2531,410,634,153,4593
Brain_Cerebellar_Hemisphere,0.6,801,1955,150,224,12,3142
Brain_Cerebellar_Hemisphere,0.65,704,1050,25,15,0,1794
Brain_Cerebellar_Hemisphere,0.7,407,364,1,0,0,772
Brain_Cerebellar_Hemisphere,0.75,165,76,0,0,0,241
Brain_Cerebellar_Hemisphere,0.8,30,4,0,0,0,34
Brain_Cerebellar_Hemisphere,0.85,3,0,0,0,0,3
Brain_Cerebellar_Hemisphere,0.9,0,0,0,0,0,0
Brain_Cerebellar_Hemisphere,0.95,0,0,0,0,0,0
Brain_Cerebellum,0.05,2261,597,229,166,1953,5206
Brain_Cerebellum,0.1,2839,527,252,181,1534,5333
Brain_Cerebellum,0.15,2313,450,260,186,1262,4471
Brain_Cerebellum,0.2,1928,378,371,243,1208,4128
Brain_Cerebellum,0.25,1638,367,489,343,1278,4115
Brain_Cerebellum,0.3,1320,344,737,586,1537,4524
Brain_Cerebellum,0.35,987,387,1180,899,1942,5395
Brain_Cerebellum,0.4,780,386,1598,1400,2050,6214
Brain_Cerebellum,0.45,773,406,1801,1494,1768,6242
Brain_Cerebellum,0.5,925,524,1429,1427,938,5243
Brain_Cerebellum,0.55,1119,528,929,892,191,3659
Brain_Cerebellum,0.6,1085,422,478,229,7,2221
Brain_Cerebellum,0.65,836,187,144,14,0,1181
Brain_Cerebellum,0.7,417,46,13,0,0,476
Brain_Cerebellum,0.75,122,5,0,0,0,127
Brain_Cerebellum,0.8,19,0,0,0,0,19
Brain_Cerebellum,0.85,2,0,0,0,0,2
Brain_Cerebellum,0.9,0,0,0,0,0,0
Brain_Cerebellum,0.95,0,0,0,0,0,0
Brain_Cortex,0.05,2153,631,258,163,1403,4608
Brain_Cortex,0.1,2467,602,218,196,1186,4669
Brain_Cortex,0.15,2321,613,232,247,1160,4573
Brain_Cortex,0.2,1870,651,235,330,1273,4359
Brain_Cortex,0.25,1539,682,241,451,1254,4167
Brain_Cortex,0.3,1221,853,208,619,1412,4313
Brain_Cortex,0.35,938,1018,183,997,1459,4595
Brain_Cortex,0.4,735,1411,120,950,1052,4268
Brain_Cortex,0.45,660,1657,58,600,466,3441
Brain_Cortex,0.5,642,1423,17,215,93,2390
Brain_Cortex,0.55,533,830,1,17,11,1392
Brain_Cortex,0.6,324,368,0,1,5,698
Brain_Cortex,0.65,166,101,0,0,0,267
Brain_Cortex,0.7,59,13,0,0,0,72
Brain_Cortex,0.75,10,1,0,0,0,11
Brain_Cortex,0.8,1,1,0,0,0,2
Brain_Cortex,0.85,0,0,0,0,0,0
Brain_Cortex,0.9,0,0,0,0,0,0
Brain_Cortex,0.95,0,0,0,0,0,0
Brain_Frontal_Cortex_BA9,0.05,2509,850,302,205,1964,5830
Brain_Frontal_Cortex_BA9,0.1,3031,894,279,222,1435,5861
Brain_Frontal_Cortex_BA9,0.15,2889,836,309,330,1143,5507
Brain_Frontal_Cortex_BA9,0.2,2418,793,362,461,1036,5070
Brain_Frontal_Cortex_BA9,0.25,1758,710,469,809,1163,4909
Brain_Frontal_Cortex_BA9,0.3,1196,676,538,1341,954,4705
Brain_Frontal_Cortex_BA9,0.35,776,644,639,1611,755,4425
Brain_Frontal_Cortex_BA9,0.4,463,606,615,1645,522,3851
Brain_Frontal_Cortex_BA9,0.45,292,568,607,1299,241,3007
Brain_Frontal_Cortex_BA9,0.5,210,529,425,665,73,1902
Brain_Frontal_Cortex_BA9,0.55,214,393,226,202,9,1044
Brain_Frontal_Cortex_BA9,0.6,186,241,67,32,2,528
Brain_Frontal_Cortex_BA9,0.65,156,85,10,1,0,252
Brain_Frontal_Cortex_BA9,0.7,88,20,0,0,0,108
Brain_Frontal_Cortex_BA9,0.75,26,5,0,0,0,31
Brain_Frontal_Cortex_BA9,0.8,6,1,0,0,0,7
Brain_Frontal_Cortex_BA9,0.85,2,0,0,0,0,2
Brain_Frontal_Cortex_BA9,0.9,0,0,0,0,0,0
Brain_Frontal_Cortex_BA9,0.95,0,0,0,0,0,0
Brain_Hippocampus,0.05,1983,1058,311,386,4032,7770
Brain_Hippocampus,0.1,3022,1236,287,447,2168,7160
Brain_Hippocampus,0.15,3469,1363,323,486,1426,7067
Brain_Hippocampus,0.2,3476,1322,396,695,917,6806
Brain_Hippocampus,0.25,3042,1435,553,890,698,6618
Brain_Hippocampus,0.3,3150,1707,895,999,444,7195
Brain_Hippocampus,0.35,3306,1820,1037,860,183,7206
Brain_Hippocampus,0.4,3165,1823,650,357,23,6018
Brain_Hippocampus,0.45,2714,1400,192,61,3,4370
Brain_Hippocampus,0.5,1997,712,15,2,2,2728
Brain_Hippocampus,0.55,1178,268,2,0,0,1448
Brain_Hippocampus,0.6,540,67,0,0,0,607
Brain_Hippocampus,0.65,179,7,1,0,0,187
Brain_Hippocampus,0.7,35,1,0,0,0,36
Brain_Hippocampus,0.75,7,0,0,0,0,7
Brain_Hippocampus,0.8,0,0,0,0,0,0
Brain_Hippocampus,0.85,0,0,0,0,0,0
Brain_Hippocampus,0.9,0,0,0,0,0,0
Brain_Hippocampus,0.95,0,0,0,0,0,0
Brain_Hypothalamus,0.05,2086,937,357,303,2003,5686
Brain_Hypothalamus,0.1,3106,1057,538,367,1420,6488
Brain_Hypothalamus,0.15,3595,1083,836,599,999,7112
Brain_Hypothalamus,0.2,3622,1084,1221,964,692,7583
Brain_Hypothalamus,0.25,3430,1005,1758,1310,443,7946
Brain_Hypothalamus,0.3,2681,1015,2223,1121,216,7256
Brain_Hypothalamus,0.35,2415,1219,2012,637,108,6391
Brain_Hypothalamus,0.4,2056,1266,1349,234,69,4974
Brain_Hypothalamus,0.45,1724,968,611,57,24,3384
Brain_Hypothalamus,0.5,1246,478,173,5,7,1909
Brain_Hypothalamus,0.55,727,154,23,0,1,905
Brain_Hypothalamus,0.6,304,27,2,0,0,333
Brain_Hypothalamus,0.65,79,2,0,0,0,81
Brain_Hypothalamus,0.7,17,0,0,0,0,17
Brain_Hypothalamus,0.75,0,0,0,0,0,0
Brain_Hypothalamus,0.8,0,0,0,0,0,0
Brain_Hypothalamus,0.85,0,0,0,0,0,0
Brain_Hypothalamus,0.9,0,0,0,0,0,0
Brain_Hypothalamus,0.95,0,0,0,0,0,0
Brain_Nucleus_accumbens_basal_ganglia,0.05,2106,745,344,192,1852,5239
Brain_Nucleus_accumbens_basal_ganglia,0.1,2267,917,383,201,1404,5172
Brain_Nucleus_accumbens_basal_ganglia,0.15,1648,979,497,272,1280,4676
Brain_Nucleus_accumbens_basal_ganglia,0.2,1417,1231,513,544,1370,5075
Brain_Nucleus_accumbens_basal_ganglia,0.25,1051,1389,546,737,1511,5234
Brain_Nucleus_accumbens_basal_ganglia,0.3,849,1653,416,838,1290,5046
Brain_Nucleus_accumbens_basal_ganglia,0.35,668,1931,229,669,856,4353
Brain_Nucleus_accumbens_basal_ganglia,0.4,596,1918,66,356,373,3309
Brain_Nucleus_accumbens_basal_ganglia,0.45,517,1546,21,125,117,2326
Brain_Nucleus_accumbens_basal_ganglia,0.5,477,965,3,21,22,1488
Brain_Nucleus_accumbens_basal_ganglia,0.55,404,431,1,1,1,838
Brain_Nucleus_accumbens_basal_ganglia,0.6,216,120,0,0,1,337
Brain_Nucleus_accumbens_basal_ganglia,0.65,85,17,0,0,1,103
Brain_Nucleus_accumbens_basal_ganglia,0.7,28,1,0,0,0,29
Brain_Nucleus_accumbens_basal_ganglia,0.75,4,0,0,0,0,4
Brain_Nucleus_accumbens_basal_ganglia,0.8,2,0,0,0,0,2
Brain_Nucleus_accumbens_basal_ganglia,0.85,0,0,0,0,0,0
Brain_Nucleus_accumbens_basal_ganglia,0.9,0,0,0,0,0,0
Brain_Nucleus_accumbens_basal_ganglia,0.95,0,0,0,0,0,0
Brain_Putamen_basal_ganglia,0.05,2278,734,299,218,2224,5753
Brain_Putamen_basal_ganglia,0.1,2771,852,257,184,2555,6619
Brain_Putamen_basal_ganglia,0.15,2857,886,262,193,1657,5855
Brain_Putamen_basal_ganglia,0.2,2662,958,310,194,1434,5558
Brain_Putamen_basal_ganglia,0.25,1895,1201,410,265,1254,5025
Brain_Putamen_basal_ganglia,0.3,1362,1443,529,269,1029,4632
Brain_Putamen_basal_ganglia,0.35,854,1416,480,212,567,3529
Brain_Putamen_basal_ganglia,0.4,315,1016,212,76,180,1799
Brain_Putamen_basal_ganglia,0.45,172,413,30,7,36,658
Brain_Putamen_basal_ganglia,0.5,99,134,3,0,8,244
Brain_Putamen_basal_ganglia,0.55,29,33,0,0,0,62
Brain_Putamen_basal_ganglia,0.6,17,5,0,0,0,22
Brain_Putamen_basal_ganglia,0.65,4,0,0,0,0,4
Brain_Putamen_basal_ganglia,0.7,0,0,0,0,0,0
Brain_Putamen_basal_ganglia,0.75,0,0,0,0,0,0
Brain_Putamen_basal_ganglia,0.8,0,0,0,0,0,0
Brain_Putamen_basal_ganglia,0.85,0,0,0,0,0,0
Brain_Putamen_basal_ganglia,0.9,0,0,0,0,0,0
Brain_Putamen_basal_ganglia,0.95,0,0,0,0,0,0
Brain_Spinal_cord_cervical_c_1,0.05,2147,638,319,210,1882,5196
Brain_Spinal_cord_cervical_c_1,0.1,3659,984,253,160,1174,6230
Brain_Spinal_cord_cervical_c_1,0.15,4562,1173,170,102,733,6740
Brain_Spinal_cord_cervical_c_1,0.2,4963,1304,133,84,466,6950
Brain_Spinal_cord_cervical_c_1,0.25,5130,1372,76,51,280,6909
Brain_Spinal_cord_cervical_c_1,0.3,4271,1397,44,37,211,5960
Brain_Spinal_cord_cervical_c_1,0.35,3917,1565,30,16,114,5642
Brain_Spinal_cord_cervical_c_1,0.4,3840,1868,7,11,73,5799
Brain_Spinal_cord_cervical_c_1,0.45,3870,2207,4,2,31,6114
Brain_Spinal_cord_cervical_c_1,0.5,3816,2360,1,0,7,6184
Brain_Spinal_cord_cervical_c_1,0.55,3426,1843,0,0,3,5272
Brain_Spinal_cord_cervical_c_1,0.6,2600,794,0,0,0,3394
Brain_Spinal_cord_cervical_c_1,0.65,1468,235,0,0,0,1703
Brain_Spinal_cord_cervical_c_1,0.7,603,47,0,0,0,650
Brain_Spinal_cord_cervical_c_1,0.75,171,5,0,0,0,176
Brain_Spinal_cord_cervical_c_1,0.8,33,1,0,0,0,34
Brain_Spinal_cord_cervical_c_1,0.85,8,0,0,0,0,8
Brain_Spinal_cord_cervical_c_1,0.9,0,0,0,0,0,0
Brain_Spinal_cord_cervical_c_1,0.95,0,0,0,0,0,0
Brain_Substantia_nigra,0.05,1792,623,280,350,2182,5227
Brain_Substantia_nigra,0.1,2790,862,330,437,2838,7257
Brain_Substantia_nigra,0.15,3357,997,382,489,2914,8139
Brain_Substantia_nigra,0.2,3694,1059,591,558,2981,8883
Brain_Substantia_nigra,0.25,3466,1171,913,683,2445,8678
Brain_Substantia_nigra,0.3,3871,1204,1206,873,1706,8860
Brain_Substantia_nigra,0.35,4324,1116,1290,553,892,8175
Brain_Substantia_nigra,0.4,4494,932,827,211,451,6915
Brain_Substantia_nigra,0.45,4012,538,280,31,241,5102
Brain_Substantia_nigra,0.5,2894,204,38,1,105,3242
Brain_Substantia_nigra,0.55,1591,56,2,0,31,1680
Brain_Substantia_nigra,0.6,703,8,0,0,7,718
Brain_Substantia_nigra,0.65,238,3,0,0,0,241
Brain_Substantia_nigra,0.7,67,0,0,0,0,67
Brain_Substantia_nigra,0.75,17,0,0,0,0,17
Brain_Substantia_nigra,0.8,3,0,0,0,0,3
Brain_Substantia_nigra,0.85,0,0,0,0,0,0
Brain_Substantia_nigra,0.9,0,0,0,0,0,0
Brain_Substantia_nigra,0.95,0,0,0,0,0,0
Breast_Mammary_Tissue,0.05,1223,446,323,400,3131,5523
Breast_Mammary_Tissue,0.1,810,344,280,383,2364,4181
Breast_Mammary_Tissue,0.15,708,300,278,398,2309,3993
Breast_Mammary_Tissue,0.2,605,295,314,409,2376,3999
Breast_Mammary_Tissue,0.25,526,242,298,398,2611,4075
Breast_Mammary_Tissue,0.3,430,191,290,352,2638,3901
Breast_Mammary_Tissue,0.35,248,130,270,344,1732,2724
Breast_Mammary_Tissue,0.4,129,84,225,261,711,1410
Breast_Mammary_Tissue,0.45,82,58,124,116,136,516
Breast_Mammary_Tissue,0.5,20,27,42,15,14,118
Breast_Mammary_Tissue,0.55,5,4,5,0,3,17
Breast_Mammary_Tissue,0.6,0,1,0,0,1,2
Breast_Mammary_Tissue,0.65,0,0,0,0,0,0
Breast_Mammary_Tissue,0.7,0,0,0,0,0,0
Breast_Mammary_Tissue,0.75,0,0,0,0,0,0
Breast_Mammary_Tissue,0.8,0,0,0,0,0,0
Breast_Mammary_Tissue,0.85,0,0,0,0,0,0
Breast_Mammary_Tissue,0.9,0,0,0,0,0,0
Breast_Mammary_Tissue,0.95,0,0,0,0,0,0
Cells_Cultured_fibroblasts,0.05,935,236,206,370,3887,5634
Cells_Cultured_fibroblasts,0.1,623,167,232,310,2528,3860
Cells_Cultured_fibroblasts,0.15,492,131,210,364,1955,3152
Cells_Cultured_fibroblasts,0.2,459,128,235,406,1636,2864
Cells_Cultured_fibroblasts,0.25,417,87,248,451,1552,2755
Cells_Cultured_fibroblasts,0.3,381,92,266,389,1446,2574
Cells_Cultured_fibroblasts,0.35,359,84,213,243,1367,2266
Cells_Cultured_fibroblasts,0.4,307,67,135,199,1283,1991
Cells_Cultured_fibroblasts,0.45,154,36,94,125,1012,1421
Cells_Cultured_fibroblasts,0.5,88,15,59,99,695,956
Cells_Cultured_fibroblasts,0.55,25,4,13,52,425,519
Cells_Cultured_fibroblasts,0.6,7,1,5,19,208,240
Cells_Cultured_fibroblasts,0.65,1,0,1,3,83,88
Cells_Cultured_fibroblasts,0.7,0,0,1,0,12,13
Cells_Cultured_fibroblasts,0.75,0,0,0,0,0,0
Cells_Cultured_fibroblasts,0.8,0,0,0,0,0,0
Cells_Cultured_fibroblasts,0.85,0,0,0,0,0,0
Cells_Cultured_fibroblasts,0.9,0,0,0,0,0,0
Cells_Cultured_fibroblasts,0.95,0,0,0,0,0,0
Cells_EBV_transformed_lymphocytes,0.05,2203,551,230,322,2391,5697
Cells_EBV_transformed_lymphocytes,0.1,1297,336,120,281,3488,5522
Cells_EBV_transformed_lymphocytes,0.15,925,237,106,215,3604,5087
Cells_EBV_transformed_lymphocytes,0.2,785,227,81,165,3612,4870
Cells_EBV_transformed_lymphocytes,0.25,679,196,57,117,3643,4692
Cells_EBV_transformed_lymphocytes,0.3,642,195,55,109,3333,4334
Cells_EBV_transformed_lymphocytes,0.35,658,216,37,94,3184,4189
Cells_EBV_transformed_lymphocytes,0.4,640,202,56,109,2836,3843
Cells_EBV_transformed_lymphocytes,0.45,478,184,25,64,2465,3216
Cells_EBV_transformed_lymphocytes,0.5,295,110,16,44,1981,2446
Cells_EBV_transformed_lymphocytes,0.55,135,43,6,18,1469,1671
Cells_EBV_transformed_lymphocytes,0.6,33,15,3,11,949,1011
Cells_EBV_transformed_lymphocytes,0.65,11,3,0,3,527,544
Cells_EBV_transformed_lymphocytes,0.7,1,2,0,0,248,251
Cells_EBV_transformed_lymphocytes,0.75,0,0,0,0,96,96
Cells_EBV_transformed_lymphocytes,0.8,0,0,0,0,18,18
Cells_EBV_transformed_lymphocytes,0.85,0,0,0,0,3,3
Cells_EBV_transformed_lymphocytes,0.9,0,0,0,0,0,0
Cells_EBV_transformed_lymphocytes,0.95,0,0,0,0,0,0
Colon_Sigmoid,0.05,1280,545,506,312,2631,5274
Colon_Sigmoid,0.1,1205,392,386,423,2018,4424
Colon_Sigmoid,0.15,1229,427,415,590,1694,4355
Colon_Sigmoid,0.2,1149,405,521,743,1771,4589
Colon_Sigmoid,0.25,1023,401,534,746,1925,4629
Colon_Sigmoid,0.3,1018,326,468,736,1940,4488
Colon_Sigmoid,0.35,741,348,470,645,1946,4150
Colon_Sigmoid,0.4,594,220,380,583,1898,3675
Colon_Sigmoid,0.45,393,156,288,387,1880,3104
Colon_Sigmoid,0.5,221,82,138,220,1549,2210
Colon_Sigmoid,0.55,126,17,56,64,921,1184
Colon_Sigmoid,0.6,43,2,8,5,359,417
Colon_Sigmoid,0.65,2,0,2,0,112,116
Colon_Sigmoid,0.7,0,0,0,0,13,13
Colon_Sigmoid,0.75,0,0,0,0,2,2
Colon_Sigmoid,0.8,0,0,0,0,0,0
Colon_Sigmoid,0.85,0,0,0,0,0,0
Colon_Sigmoid,0.9,0,0,0,0,0,0
Colon_Sigmoid,0.95,0,0,0,0,0,0
Colon_Transverse,0.05,1287,325,364,1021,3914,6911
Colon_Transverse,0.1,1445,308,529,2152,3461,7895
Colon_Transverse,0.15,1486,271,495,3091,3167,8510
Colon_Transverse,0.2,1397,253,398,3469,3036,8553
Colon_Transverse,0.25,1207,197,334,3477,2975,8190
Colon_Transverse,0.3,922,175,252,3273,2909,7531
Colon_Transverse,0.35,687,162,156,2650,2925,6580
Colon_Transverse,0.4,444,129,75,1635,3024,5307
Colon_Transverse,0.45,211,64,23,617,2730,3645
Colon_Transverse,0.5,84,32,13,128,1672,1929
Colon_Transverse,0.55,24,10,1,11,665,711
Colon_Transverse,0.6,2,0,1,0,160,163
Colon_Transverse,0.65,1,0,0,0,21,22
Colon_Transverse,0.7,0,0,0,0,1,1
Colon_Transverse,0.75,0,0,0,0,0,0
Colon_Transverse,0.8,0,0,0,0,0,0
Colon_Transverse,0.85,0,0,0,0,0,0
Colon_Transverse,0.9,0,0,0,0,0,0
Colon_Transverse,0.95,0,0,0,0,0,0
Esophagus_Gastroesophageal_Junction,0.05,1120,737,265,236,2598,4956
Esophagus_Gastroesophageal_Junction,0.1,840,913,367,231,2288,4639
Esophagus_Gastroesophageal_Junction,0.15,748,1061,367,306,1988,4470
Esophagus_Gastroesophageal_Junction,0.2,587,1108,399,341,1952,4387
Esophagus_Gastroesophageal_Junction,0.25,404,965,438,325,2002,4134
Esophagus_Gastroesophageal_Junction,0.3,341,778,352,337,1853,3661
Esophagus_Gastroesophageal_Junction,0.35,357,589,323,314,1821,3404
Esophagus_Gastroesophageal_Junction,0.4,287,422,276,324,1666,2975
Esophagus_Gastroesophageal_Junction,0.45,320,253,252,279,1079,2183
Esophagus_Gastroesophageal_Junction,0.5,278,148,179,189,498,1292
Esophagus_Gastroesophageal_Junction,0.55,214,101,96,82,100,593
Esophagus_Gastroesophageal_Junction,0.6,96,30,24,11,7,168
Esophagus_Gastroesophageal_Junction,0.65,16,3,0,0,0,19
Esophagus_Gastroesophageal_Junction,0.7,2,0,0,0,0,2
Esophagus_Gastroesophageal_Junction,0.75,0,0,0,0,0,0
Esophagus_Gastroesophageal_Junction,0.8,0,0,0,0,0,0
Esophagus_Gastroesophageal_Junction,0.85,0,0,0,0,0,0
Esophagus_Gastroesophageal_Junction,0.9,0,0,0,0,0,0
Esophagus_Gastroesophageal_Junction,0.95,0,0,0,0,0,0
Esophagus_Mucosa,0.05,939,476,480,411,2578,4884
Esophagus_Mucosa,0.1,741,513,846,531,1945,4576
Esophagus_Mucosa,0.15,598,534,1040,688,1894,4754
Esophagus_Mucosa,0.2,523,497,1020,699,1879,4618
Esophagus_Mucosa,0.25,482,423,937,652,1841,4335
Esophagus_Mucosa,0.3,409,324,758,716,1768,3975
Esophagus_Mucosa,0.35,287,239,484,642,1802,3454
Esophagus_Mucosa,0.4,242,224,293,587,1430,2776
Esophagus_Mucosa,0.45,202,240,247,413,815,1917
Esophagus_Mucosa,0.5,141,188,154,161,334,978
Esophagus_Mucosa,0.55,84,88,52,26,94,344
Esophagus_Mucosa,0.6,20,17,11,10,14,72
Esophagus_Mucosa,0.65,3,2,2,0,4,11
Esophagus_Mucosa,0.7,1,0,0,0,0,1
Esophagus_Mucosa,0.75,0,0,0,0,0,0
Esophagus_Mucosa,0.8,0,0,0,0,0,0
Esophagus_Mucosa,0.85,0,0,0,0,0,0
Esophagus_Mucosa,0.9,0,0,0,0,0,0
Esophagus_Mucosa,0.95,0,0,0,0,0,0
Esophagus_Muscularis,0.05,730,361,257,297,2640,4285
Esophagus_Muscularis,0.1,576,495,343,355,2212,3981
Esophagus_Muscularis,0.15,534,623,402,474,1973,4006
Esophagus_Muscularis,0.2,420,617,408,505,2082,4032
Esophagus_Muscularis,0.25,360,586,376,525,2189,4036
Esophagus_Muscularis,0.3,301,410,275,537,2273,3796
Esophagus_Muscularis,0.35,215,253,200,584,2147,3399
Esophagus_Muscularis,0.4,159,118,174,571,1531,2553
Esophagus_Muscularis,0.45,94,33,148,476,804,1555
Esophagus_Muscularis,0.5,86,26,94,227,251,684
Esophagus_Muscularis,0.55,36,12,32,38,43,161
Esophagus_Muscularis,0.6,7,1,8,1,7,24
Esophagus_Muscularis,0.65,1,0,0,0,1,2
Esophagus_Muscularis,0.7,0,0,0,0,0,0
Esophagus_Muscularis,0.75,0,0,0,0,0,0
Esophagus_Muscularis,0.8,0,0,0,0,0,0
Esophagus_Muscularis,0.85,0,0,0,0,0,0
Esophagus_Muscularis,0.9,0,0,0,0,0,0
Esophagus_Muscularis,0.95,0,0,0,0,0,0
Heart_Atrial_Appendage,0.05,2226,713,297,317,2476,6029
Heart_Atrial_Appendage,0.1,1524,637,391,383,1346,4281
Heart_Atrial_Appendage,0.15,1197,588,409,386,894,3474
Heart_Atrial_Appendage,0.2,1036,557,470,393,687,3143
Heart_Atrial_Appendage,0.25,734,454,384,370,621,2563
Heart_Atrial_Appendage,0.3,552,309,306,292,578,2037
Heart_Atrial_Appendage,0.35,347,314,193,170,450,1474
Heart_Atrial_Appendage,0.4,250,343,51,55,221,920
Heart_Atrial_Appendage,0.45,114,238,6,17,54,429
Heart_Atrial_Appendage,0.5,49,96,1,1,5,152
Heart_Atrial_Appendage,0.55,6,7,1,0,0,14
Heart_Atrial_Appendage,0.6,0,1,0,0,0,1
Heart_Atrial_Appendage,0.65,0,0,0,0,0,0
Heart_Atrial_Appendage,0.7,0,0,0,0,0,0
Heart_Atrial_Appendage,0.75,0,0,0,0,0,0
Heart_Atrial_Appendage,0.8,0,0,0,0,0,0
Heart_Atrial_Appendage,0.85,0,0,0,0,0,0
Heart_Atrial_Appendage,0.9,0,0,0,0,0,0
Heart_Atrial_Appendage,0.95,0,0,0,0,0,0
Heart_Left_Ventricle,0.05,1802,407,148,252,3508,6117
Heart_Left_Ventricle,0.1,1372,208,150,385,2904,5019
Heart_Left_Ventricle,0.15,1125,138,160,792,3513,5728
Heart_Left_Ventricle,0.2,1186,118,225,1229,3850,6608
Heart_Left_Ventricle,0.25,1380,123,193,1450,2674,5820
Heart_Left_Ventricle,0.3,1286,160,229,1299,1120,4094
Heart_Left_Ventricle,0.35,1136,227,173,839,249,2624
Heart_Left_Ventricle,0.4,841,175,122,347,9,1494
Heart_Left_Ventricle,0.45,492,129,42,54,1,718
Heart_Left_Ventricle,0.5,219,58,6,2,3,288
Heart_Left_Ventricle,0.55,73,5,0,2,5,85
Heart_Left_Ventricle,0.6,20,0,0,0,2,22
Heart_Left_Ventricle,0.65,3,0,0,0,1,4
Heart_Left_Ventricle,0.7,0,0,0,0,0,0
Heart_Left_Ventricle,0.75,0,0,0,0,0,0
Heart_Left_Ventricle,0.8,0,0,0,0,0,0
Heart_Left_Ventricle,0.85,0,0,0,0,0,0
Heart_Left_Ventricle,0.9,0,0,0,0,0,0
Heart_Left_Ventricle,0.95,0,0,0,0,0,0
Kidney_Cortex,0.05,8168,574,554,405,1038,10739
Kidney_Cortex,0.1,9147,433,522,492,2269,12863
Kidney_Cortex,0.15,8479,379,502,511,3419,13290
Kidney_Cortex,0.2,6057,295,278,400,4033,11063
Kidney_Cortex,0.25,3504,214,108,188,4360,8374
Kidney_Cortex,0.3,2002,171,35,76,3256,5540
Kidney_Cortex,0.35,1489,112,9,13,2251,3874
Kidney_Cortex,0.4,1306,62,3,2,1280,2653
Kidney_Cortex,0.45,1157,26,0,1,684,1868
Kidney_Cortex,0.5,898,12,0,0,311,1221
Kidney_Cortex,0.55,766,2,0,0,125,893
Kidney_Cortex,0.6,637,0,0,0,44,681
Kidney_Cortex,0.65,531,0,0,0,18,549
Kidney_Cortex,0.7,437,0,0,0,5,442
Kidney_Cortex,0.75,382,0,0,0,1,383
Kidney_Cortex,0.8,335,0,0,0,0,335
Kidney_Cortex,0.85,275,0,0,0,0,275
Kidney_Cortex,0.9,245,0,0,0,0,245
Kidney_Cortex,0.95,204,0,0,0,0,204
Liver,0.05,3441,551,257,271,2848,7368
Liver,0.1,5321,454,223,250,3242,9490
Liver,0.15,5724,335,191,244,2929,9423
Liver,0.2,5882,266,130,209,2752,9239
Liver,0.25,5685,191,92,165,2349,8482
Liver,0.3,5325,115,77,127,2143,7787
Liver,0.35,4820,94,70,79,2066,7129
Liver,0.4,3902,36,28,39,1961,5966
Liver,0.45,2645,6,3,13,1673,4340
Liver,0.5,1367,0,0,3,1179,2549
Liver,0.55,496,0,0,0,679,1175
Liver,0.6,108,0,0,0,295,403
Liver,0.65,13,0,0,0,108,121
Liver,0.7,1,0,0,0,33,34
Liver,0.75,0,0,0,0,4,4
Liver,0.8,0,0,0,0,0,0
Liver,0.85,0,0,0,0,0,0
Liver,0.9,0,0,0,0,0,0
Liver,0.95,0,0,0,0,0,0
Lung,0.05,1483,489,268,375,1967,4582
Lung,0.1,1130,650,374,588,1376,4118
Lung,0.15,930,713,408,736,1138,3925
Lung,0.2,849,790,483,843,943,3908
Lung,0.25,736,755,543,843,805,3682
Lung,0.3,574,651,502,868,656,3251
Lung,0.35,527,511,504,639,546,2727
Lung,0.4,507,445,420,397,366,2135
Lung,0.45,467,307,329,153,146,1402
Lung,0.5,323,185,128,47,26,709
Lung,0.55,167,62,28,2,6,265
Lung,0.6,55,7,1,0,0,63
Lung,0.65,2,0,0,0,0,2
Lung,0.7,0,0,0,0,0,0
Lung,0.75,0,0,0,0,0,0
Lung,0.8,0,0,0,0,0,0
Lung,0.85,0,0,0,0,0,0
Lung,0.9,0,0,0,0,0,0
Lung,0.95,0,0,0,0,0,0
Minor_Salivary_Gland,0.05,1881,432,187,254,5981,8735
Minor_Salivary_Gland,0.1,1372,434,206,291,5715,8018
Minor_Salivary_Gland,0.15,1068,376,274,351,6678,8747
Minor_Salivary_Gland,0.2,943,359,260,389,7464,9415
Minor_Salivary_Gland,0.25,874,299,253,391,7503,9320
Minor_Salivary_Gland,0.3,904,229,202,428,6336,8099
Minor_Salivary_Gland,0.35,1078,210,171,430,4444,6333
Minor_Salivary_Gland,0.4,1365,188,139,310,2754,4756
Minor_Salivary_Gland,0.45,1458,189,93,167,1600,3507
Minor_Salivary_Gland,0.5,1026,152,37,46,1005,2266
Minor_Salivary_Gland,0.55,440,70,4,7,708,1229
Minor_Salivary_Gland,0.6,114,22,0,1,488,625
Minor_Salivary_Gland,0.65,19,8,0,0,364,391
Minor_Salivary_Gland,0.7,2,1,0,0,275,278
Minor_Salivary_Gland,0.75,0,0,0,0,219,219
Minor_Salivary_Gland,0.8,0,0,0,0,158,158
Minor_Salivary_Gland,0.85,0,0,0,0,126,126
Minor_Salivary_Gland,0.9,0,0,0,0,98,98
Minor_Salivary_Gland,0.95,0,0,0,0,84,84
Muscle_Skeletal,0.05,1487,379,378,818,1919,4981
Muscle_Skeletal,0.1,1519,306,340,1177,1702,5044
Muscle_Skeletal,0.15,1175,232,250,1207,1808,4672
Muscle_Skeletal,0.2,869,169,208,930,1724,3900
Muscle_Skeletal,0.25,576,177,221,528,1466,2968
Muscle_Skeletal,0.3,298,124,178,277,1033,1910
Muscle_Skeletal,0.35,96,104,108,107,597,1012
Muscle_Skeletal,0.4,28,37,24,41,217,347
Muscle_Skeletal,0.45,3,0,2,8,49,62
Muscle_Skeletal,0.5,3,0,0,1,5,9
Muscle_Skeletal,0.55,0,0,0,0,0,0
Muscle_Skeletal,0.6,0,0,0,0,0,0
Muscle_Skeletal,0.65,0,0,0,0,0,0
Muscle_Skeletal,0.7,0,0,0,0,0,0
Muscle_Skeletal,0.75,0,0,0,0,0,0
Muscle_Skeletal,0.8,0,0,0,0,0,0
Muscle_Skeletal,0.85,0,0,0,0,0,0
Muscle_Skeletal,0.9,0,0,0,0,0,0
Muscle_Skeletal,0.95,0,0,0,0,0,0
Nerve_Tibial,0.05,992,379,209,233,2191,4004
Nerve_Tibial,0.1,916,403,297,294,1299,3209
Nerve_Tibial,0.15,1052,402,350,349,1079,3232
Nerve_Tibial,0.2,1247,509,439,523,1043,3761
Nerve_Tibial,0.25,1399,586,456,607,1102,4150
Nerve_Tibial,0.3,1350,663,453,720,1265,4451
Nerve_Tibial,0.35,1030,607,422,759,1381,4199
Nerve_Tibial,0.4,670,384,307,562,1288,3211
Nerve_Tibial,0.45,355,210,183,335,1020,2103
Nerve_Tibial,0.5,111,61,83,116,623,994
Nerve_Tibial,0.55,30,11,15,34,241,331
Nerve_Tibial,0.6,3,2,0,1,50,56
Nerve_Tibial,0.65,2,0,0,0,4,6
Nerve_Tibial,0.7,0,0,0,0,0,0
Nerve_Tibial,0.75,0,0,0,0,0,0
Nerve_Tibial,0.8,0,0,0,0,0,0
Nerve_Tibial,0.85,0,0,0,0,0,0
Nerve_Tibial,0.9,0,0,0,0,0,0
Nerve_Tibial,0.95,0,0,0,0,0,0
Ovary,0.05,1640,663,403,549,2807,6062
Ovary,0.1,1466,557,541,726,3233,6523
Ovary,0.15,1235,575,660,848,3004,6322
Ovary,0.2,986,561,736,917,2718,5918
Ovary,0.25,797,567,748,1071,2424,5607
Ovary,0.3,706,524,820,1231,2051,5332
Ovary,0.35,753,470,781,1363,1917,5284
Ovary,0.4,672,390,744,1220,1825,4851
Ovary,0.45,665,309,522,856,1776,4128
Ovary,0.5,533,235,306,427,1356,2857
Ovary,0.55,379,121,130,91,885,1606
Ovary,0.6,183,52,26,4,353,618
Ovary,0.65,51,4,2,0,103,160
Ovary,0.7,7,0,0,0,18,25
Ovary,0.75,1,0,0,0,4,5
Ovary,0.8,0,0,0,0,1,1
Ovary,0.85,0,0,0,0,0,0
Ovary,0.9,0,0,0,0,0,0
Ovary,0.95,0,0,0,0,0,0
Pancreas,0.05,1279,297,155,297,3202,5230
Pancreas,0.1,856,238,190,278,4416,5978
Pancreas,0.15,617,176,156,290,4980,6219
Pancreas,0.2,364,150,127,240,5538,6419
Pancreas,0.25,211,108,89,164,5524,6096
Pancreas,0.3,155,71,37,105,5369,5737
Pancreas,0.35,107,50,28,70,4817,5072
Pancreas,0.4,61,23,12,31,3572,3699
Pancreas,0.45,28,17,3,8,2195,2251
Pancreas,0.5,4,3,0,0,983,990
Pancreas,0.55,1,0,0,0,280,281
Pancreas,0.6,0,0,0,0,53,53
Pancreas,0.65,0,0,0,0,4,4
Pancreas,0.7,0,0,0,0,0,0
Pancreas,0.75,0,0,0,0,0,0
Pancreas,0.8,0,0,0,0,0,0
Pancreas,0.85,0,0,0,0,0,0
Pancreas,0.9,0,0,0,0,0,0
Pancreas,0.95,0,0,0,0,0,0
Pituitary,0.05,2367,812,307,215,1792,5493
Pituitary,0.1,2508,718,275,187,1385,5073
Pituitary,0.15,1889,566,236,168,1170,4029
Pituitary,0.2,1536,478,207,179,1036,3436
Pituitary,0.25,1161,438,213,212,1049,3073
Pituitary,0.3,901,367,185,222,1093,2768
Pituitary,0.35,644,346,174,282,1218,2664
Pituitary,0.4,421,272,153,332,1100,2278
Pituitary,0.45,220,235,123,251,646,1475
Pituitary,0.5,97,136,63,112,221,629
Pituitary,0.55,30,58,10,23,33,154
Pituitary,0.6,4,17,1,4,3,29
Pituitary,0.65,1,2,0,0,0,3
Pituitary,0.7,0,0,0,0,0,0
Pituitary,0.75,0,0,0,0,0,0
Pituitary,0.8,0,0,0,0,0,0
Pituitary,0.85,0,0,0,0,0,0
Pituitary,0.9,0,0,0,0,0,0
Pituitary,0.95,0,0,0,0,0,0
Prostate,0.05,1213,437,371,452,2997,5470
Prostate,0.1,899,454,544,578,3233,5708
Prostate,0.15,677,486,695,656,2916,5430
Prostate,0.2,607,500,754,778,2735,5374
Prostate,0.25,532,475,690,863,2549,5109
Prostate,0.3,504,404,690,837,2342,4777
Prostate,0.35,453,401,705,725,1958,4242
Prostate,0.4,455,328,520,492,1393,3188
Prostate,0.45,361,184,290,209,859,1903
Prostate,0.5,203,83,93,45,338,762
Prostate,0.55,83,17,17,3,99,219
Prostate,0.6,10,3,0,0,13,26
Prostate,0.65,2,0,0,0,1,3
Prostate,0.7,0,0,0,0,0,0
Prostate,0.75,0,0,0,0,0,0
Prostate,0.8,0,0,0,0,0,0
Prostate,0.85,0,0,0,0,0,0
Prostate,0.9,0,0,0,0,0,0
Prostate,0.95,0,0,0,0,0,0
Skin_Not_Sun_Exposed_Suprapubic,0.05,1193,355,181,224,1717,3670
Skin_Not_Sun_Exposed_Suprapubic,0.1,894,392,201,340,1303,3130
Skin_Not_Sun_Exposed_Suprapubic,0.15,862,423,211,399,1244,3139
Skin_Not_Sun_Exposed_Suprapubic,0.2,905,415,233,435,1164,3152
Skin_Not_Sun_Exposed_Suprapubic,0.25,1114,401,258,554,1099,3426
Skin_Not_Sun_Exposed_Suprapubic,0.3,1264,473,311,708,981,3737
Skin_Not_Sun_Exposed_Suprapubic,0.35,1074,433,315,835,872,3529
Skin_Not_Sun_Exposed_Suprapubic,0.4,695,324,247,807,629,2702
Skin_Not_Sun_Exposed_Suprapubic,0.45,246,113,113,522,348,1342
Skin_Not_Sun_Exposed_Suprapubic,0.5,83,14,24,152,116,389
Skin_Not_Sun_Exposed_Suprapubic,0.55,15,0,4,11,16,46
Skin_Not_Sun_Exposed_Suprapubic,0.6,5,0,0,0,0,5
Skin_Not_Sun_Exposed_Suprapubic,0.65,0,0,0,0,0,0
Skin_Not_Sun_Exposed_Suprapubic,0.7,0,0,0,0,0,0
Skin_Not_Sun_Exposed_Suprapubic,0.75,0,0,0,0,0,0
Skin_Not_Sun_Exposed_Suprapubic,0.8,0,0,0,0,0,0
Skin_Not_Sun_Exposed_Suprapubic,0.85,0,0,0,0,0,0
Skin_Not_Sun_Exposed_Suprapubic,0.9,0,0,0,0,0,0
Skin_Not_Sun_Exposed_Suprapubic,0.95,0,0,0,0,0,0
Skin_Sun_Exposed_Lower_leg,0.05,979,391,219,271,1364,3224
Skin_Sun_Exposed_Lower_leg,0.1,830,415,235,332,1065,2877
Skin_Sun_Exposed_Lower_leg,0.15,773,348,238,350,1018,2727
Skin_Sun_Exposed_Lower_leg,0.2,715,349,271,342,987,2664
Skin_Sun_Exposed_Lower_leg,0.25,625,349,333,370,920,2597
Skin_Sun_Exposed_Lower_leg,0.3,566,364,311,379,961,2581
Skin_Sun_Exposed_Lower_leg,0.35,496,426,313,443,931,2609
Skin_Sun_Exposed_Lower_leg,0.4,305,323,329,415,858,2230
Skin_Sun_Exposed_Lower_leg,0.45,147,158,178,233,574,1290
Skin_Sun_Exposed_Lower_leg,0.5,46,47,51,76,230,450
Skin_Sun_Exposed_Lower_leg,0.55,14,6,8,8,43,79
Skin_Sun_Exposed_Lower_leg,0.6,1,1,0,1,4,7
Skin_Sun_Exposed_Lower_leg,0.65,0,0,0,0,1,1
Skin_Sun_Exposed_Lower_leg,0.7,0,0,0,0,0,0
Skin_Sun_Exposed_Lower_leg,0.75,0,0,0,0,0,0
Skin_Sun_Exposed_Lower_leg,0.8,0,0,0,0,0,0
Skin_Sun_Exposed_Lower_leg,0.85,0,0,0,0,0,0
Skin_Sun_Exposed_Lower_leg,0.9,0,0,0,0,0,0
Skin_Sun_Exposed_Lower_leg,0.95,0,0,0,0,0,0
Small_Intestine_Terminal_Ileum,0.05,1143,343,196,416,3170,5268
Small_Intestine_Terminal_Ileum,0.1,977,454,230,330,4806,6797
Small_Intestine_Terminal_Ileum,0.15,957,422,243,288,6002,7912
Small_Intestine_Terminal_Ileum,0.2,898,354,179,149,6859,8439
Small_Intestine_Terminal_Ileum,0.25,873,235,201,128,7223,8660
Small_Intestine_Terminal_Ileum,0.3,794,194,201,113,6748,8050
Small_Intestine_Terminal_Ileum,0.35,668,146,182,125,6152,7273
Small_Intestine_Terminal_Ileum,0.4,542,147,148,76,5095,6008
Small_Intestine_Terminal_Ileum,0.45,392,96,85,29,3736,4338
Small_Intestine_Terminal_Ileum,0.5,232,49,21,8,2199,2509
Small_Intestine_Terminal_Ileum,0.55,74,15,8,0,938,1035
Small_Intestine_Terminal_Ileum,0.6,16,2,1,0,272,291
Small_Intestine_Terminal_Ileum,0.65,7,0,0,0,59,66
Small_Intestine_Terminal_Ileum,0.7,0,0,0,0,10,10
Small_Intestine_Terminal_Ileum,0.75,0,0,0,0,2,2
Small_Intestine_Terminal_Ileum,0.8,0,0,0,0,0,0
Small_Intestine_Terminal_Ileum,0.85,0,0,0,0,0,0
Small_Intestine_Terminal_Ileum,0.9,0,0,0,0,0,0
Small_Intestine_Terminal_Ileum,0.95,0,0,0,0,0,0
Spleen,0.05,1153,303,253,376,3137,5222
Spleen,0.1,844,235,323,459,3817,5678
Spleen,0.15,604,234,438,614,4037,5927
Spleen,0.2,545,198,593,725,4099,6160
Spleen,0.25,427,145,611,944,4047,6174
Spleen,0.3,363,96,548,843,3568,5418
Spleen,0.35,348,64,431,716,2991,4550
Spleen,0.4,313,32,257,509,2353,3464
Spleen,0.45,317,11,99,242,1689,2358
Spleen,0.5,257,3,23,82,925,1290
Spleen,0.55,158,1,4,17,441,621
Spleen,0.6,54,0,0,2,130,186
Spleen,0.65,4,0,0,0,28,32
Spleen,0.7,0,0,0,0,3,3
Spleen,0.75,0,0,0,0,0,0
Spleen,0.8,0,0,0,0,0,0
Spleen,0.85,0,0,0,0,0,0
Spleen,0.9,0,0,0,0,0,0
Spleen,0.95,0,0,0,0,0,0
Stomach,0.05,893,275,240,420,4259,6087
Stomach,0.1,599,255,282,468,5233,6837
Stomach,0.15,514,239,224,441,5424,6842
Stomach,0.2,468,142,231,474,5303,6618
Stomach,0.25,458,107,205,578,4380,5728
Stomach,0.3,427,83,213,704,3009,4436
Stomach,0.35,373,57,235,503,1480,2648
Stomach,0.4,213,16,156,237,543,1165
Stomach,0.45,73,11,71,51,147,353
Stomach,0.5,19,2,17,4,45,87
Stomach,0.55,2,0,0,0,8,10
Stomach,0.6,0,0,0,0,3,3
Stomach,0.65,0,0,0,0,0,0
Stomach,0.7,0,0,0,0,0,0
Stomach,0.75,0,0,0,0,0,0
Stomach,0.8,0,0,0,0,0,0
Stomach,0.85,0,0,0,0,0,0
Stomach,0.9,0,0,0,0,0,0
Stomach,0.95,0,0,0,0,0,0
Testis,0.05,737,209,120,148,1909,3123
Testis,0.1,871,231,146,181,2141,3570
Testis,0.15,871,257,198,236,2204,3766
Testis,0.2,842,265,244,286,2477,4114
Testis,0.25,802,293,310,427,3034,4866
Testis,0.3,772,354,396,529,3520,5571
Testis,0.35,719,379,380,504,3359,5341
Testis,0.4,626,422,266,377,2238,3929
Testis,0.45,429,370,148,203,1169,2319
Testis,0.5,284,248,73,75,477,1157
Testis,0.55,110,103,17,36,219,485
Testis,0.6,37,30,17,30,81,195
Testis,0.65,18,12,10,5,12,57
Testis,0.7,0,2,2,1,2,7
Testis,0.75,0,0,0,0,0,0
Testis,0.8,0,0,0,0,0,0
Testis,0.85,0,0,0,0,0,0
Testis,0.9,0,0,0,0,0,0
Testis,0.95,0,0,0,0,0,0
Thyroid,0.05,801,413,279,254,1715,3462
Thyroid,0.1,588,452,350,301,1266,2957
Thyroid,0.15,469,452,402,359,1118,2800
Thyroid,0.2,454,440,432,383,1142,2851
Thyroid,0.25,415,437,450,327,1204,2833
Thyroid,0.3,388,418,485,368,1294,2953
Thyroid,0.35,295,368,489,401,1393,2946
Thyroid,0.4,214,220,425,321,1309,2489
Thyroid,0.45,161,138,237,217,1049,1802
Thyroid,0.5,127,53,102,81,638,1001
Thyroid,0.55,63,19,24,22,302,430
Thyroid,0.6,19,6,3,1,87,116
Thyroid,0.65,2,0,0,0,12,14
Thyroid,0.7,0,0,0,0,0,0
Thyroid,0.75,0,0,0,0,0,0
Thyroid,0.8,0,0,0,0,0,0
Thyroid,0.85,0,0,0,0,0,0
Thyroid,0.9,0,0,0,0,0,0
Thyroid,0.95,0,0,0,0,0,0
Uterus,0.05,1458,473,306,609,5411,8257
Uterus,0.1,1136,454,509,678,4872,7649
Uterus,0.15,818,470,653,861,5779,8581
Uterus,0.2,740,535,949,966,6333,9523
Uterus,0.25,644,510,1098,1223,6350,9825
Uterus,0.3,508,442,1192,1402,5755,9299
Uterus,0.35,372,359,1124,1403,4894,8152
Uterus,0.4,421,362,859,1188,3973,6803
Uterus,0.45,482,362,501,686,3175,5206
Uterus,0.5,494,306,240,278,2601,3919
Uterus,0.55,377,187,58,70,2058,2750
Uterus,0.6,199,73,4,10,1556,1842
Uterus,0.65,62,8,0,2,1203,1275
Uterus,0.7,11,1,0,0,942,954
Uterus,0.75,0,0,0,0,725,725
Uterus,0.8,0,0,0,0,578,578
Uterus,0.85,0,0,0,0,461,461
Uterus,0.9,0,0,0,0,369,369
Uterus,0.95,0,0,0,0,285,285
Vagina,0.05,1981,803,460,599,2265,6108
Vagina,0.1,1339,674,616,916,3213,6758
Vagina,0.15,1236,635,908,1421,3564,7764
Vagina,0.2,1178,577,1056,1966,3763,8540
Vagina,0.25,1157,496,1114,2442,3341,8550
Vagina,0.3,1021,361,1026,2753,3449,8610
Vagina,0.35,745,222,729,2912,3492,8100
Vagina,0.4,431,162,414,2485,3507,6999
Vagina,0.45,205,121,194,1623,3306,5449
Vagina,0.5,80,90,73,711,2774,3728
Vagina,0.55,23,37,31,202,1877,2170
Vagina,0.6,3,11,5,34,958,1011
Vagina,0.65,0,1,0,3,362,366
Vagina,0.7,0,0,0,1,102,103
Vagina,0.75,0,0,0,0,21,21
Vagina,0.8,0,0,0,0,2,2
Vagina,0.85,0,0,0,0,0,0
Vagina,0.9,0,0,0,0,0,0
Vagina,0.95,0,0,0,0,0,0
Whole_Blood,0.05,1234,451,737,801,2174,5397
Whole_Blood,0.1,748,382,893,1070,1546,4639
Whole_Blood,0.15,533,327,906,1350,1600,4716
Whole_Blood,0.2,449,426,1119,1311,1191,4496
Whole_Blood,0.25,515,414,949,964,559,3401
Whole_Blood,0.3,360,339,695,524,184,2102
Whole_Blood,0.35,322,207,424,137,25,1115
Whole_Blood,0.4,214,102,121,19,2,458
Whole_Blood,0.45,83,27,11,0,1,122
Whole_Blood,0.5,15,0,0,0,0,15
Whole_Blood,0.55,0,0,0,0,0,0
Whole_Blood,0.6,0,0,0,0,0,0
Whole_Blood,0.65,0,0,0,0,0,0
Whole_Blood,0.7,0,0,0,0,0,0
Whole_Blood,0.75,0,0,0,0,0,0
Whole_Blood,0.8,0,0,0,0,0,0
Whole_Blood,0.85,0,0,0,0,0,0
Whole_Blood,0.9,0,0,0,0,0,0
Whole_Blood,0.95,0,0,0,0,0,0
